Description,Prices,Rating,ReviewCount,URL
Grace's Secret WomensTops Summer Top for Women Short Sleeve Casual Loose Tunic Top Shirts,$18.99,4.3 out of 5 stars,359,https://www.amazon.com//gp/slredirect/picassoRedirect.html/ref=pa_sp_atf_aps_sr_pg1_1?ie=UTF8&adId=A090332919KGPRHGT8U1T&url=%2FGraces-Secret-Womens-Summer-SealBrown%2Fdp%2FB094JBNX9X%2Fref%3Dsr_1_1_sspa%3Fcrid%3D1AZQR15WRQJRI%26dchild%3D1%26keywords%3Dcasual%2BShirts%26qid%3D1621928577%26sprefix%3Dshirt%2Bfor%2Bmen%252Caps%252C446%26sr%3D8-1-spons%26psc%3D1&qualifier=1621928577&id=6123135377136169&widgetName=sp_atf
"Gildan Men's Crew T-Shirts, Multipack",$17.97,4.6 out of 5 stars,"128,529",https://www.amazon.com//Gildan-Mens-T-Shirt-Assortment-X-Large/dp/B077ZJXCTS/ref=sr_1_2?crid=1AZQR15WRQJRI&dchild=1&keywords=casual+Shirts&qid=1621928577&sprefix=shirt+for+men%2Caps%2C446&sr=8-2
Amazon Essentials Men's Regular-fit Cotton Pique Polo Shirt,$13.30,4.3 out of 5 stars,"24,741",https://www.amazon.com//Amazon-Essentials-Regular-Fit-Cotton-X-Large/dp/B01IXFQ1QA/ref=sr_1_3?crid=1AZQR15WRQJRI&dchild=1&keywords=casual+Shirts&qid=1621928577&sprefix=shirt+for+men%2Caps%2C446&sr=8-3
Wrangler Authentics Short Sleeve Classic Plaid Shirt,$21.99,4.5 out of 5 stars,"4,581",https://www.amazon.com//Wrangler-Authentics-Short-Sleeve-Forest/dp/B01N2BCSSH/ref=sr_1_4?crid=1AZQR15WRQJRI&dchild=1&keywords=casual+Shirts&qid=1621928577&sprefix=shirt+for+men%2Caps%2C446&sr=8-4
Amazon Essentials Men's Slim-Fit Short-Sleeve Pocket Oxford Shirt,$16.00,4.4 out of 5 stars,"3,164",https://www.amazon.com//Amazon-Essentials-Slim-Fit-Short-Sleeve-Pocket/dp/B07F2546TT/ref=sr_1_5?crid=1AZQR15WRQJRI&dchild=1&keywords=casual+Shirts&qid=1621928577&sprefix=shirt+for+men%2Caps%2C446&sr=8-5
Calvin Klein Men's Short Sleeve Button Down Stretch Cotton Shirt,$26.52,4.5 out of 5 stars,161,https://www.amazon.com//Calvin-Klein-Sleeve-Stretch-Kinetic/dp/B0855Z117H/ref=sr_1_6?crid=1AZQR15WRQJRI&dchild=1&keywords=casual+Shirts&qid=1621928577&sprefix=shirt+for+men%2Caps%2C446&sr=8-6
Wrangler Authentics Men's Short Sleeve Henley Tee,$17.69,4.4 out of 5 stars,"2,409",https://www.amazon.com//Wrangler-Authentics-Sleeve-Henley-Bright/dp/B075JXQGG7/ref=sr_1_7?crid=1AZQR15WRQJRI&dchild=1&keywords=casual+Shirts&qid=1621928577&sprefix=shirt+for+men%2Caps%2C446&sr=8-7
Amazon Essentials Men's Big & Tall Short-Sleeve Plaid Casual Poplin Shirt Fit by DXL,$22.50,4.5 out of 5 stars,"2,915",https://www.amazon.com//Amazon-Essentials-Short-Sleeve-Plaid-Shirt/dp/B07HB6Q74N/ref=sr_1_8?crid=1AZQR15WRQJRI&dchild=1&keywords=casual+Shirts&qid=1621928577&sprefix=shirt+for+men%2Caps%2C446&sr=8-8
Hanes Men's Long-Sleeve ComfortSoft T-Shirt (Pack of 4),$17.89,4.5 out of 5 stars,"14,820",https://www.amazon.com//Hanes-Comfortsoft-T-Shirt-ST-Shirtl-X-Large/dp/B00KBZPTNM/ref=sr_1_9?crid=1AZQR15WRQJRI&dchild=1&keywords=casual+Shirts&qid=1621928577&sprefix=shirt+for+men%2Caps%2C446&sr=8-9
Lucky Brand Men's Venice Burnout Notch Neck Tee Shirt,$29.50,4.6 out of 5 stars,"3,152",https://www.amazon.com//Lucky-Brand-Venice-Burnout-Notch/dp/B07776CN4T/ref=sr_1_10?crid=1AZQR15WRQJRI&dchild=1&keywords=casual+Shirts&qid=1621928577&sprefix=shirt+for+men%2Caps%2C446&sr=8-10
Nautica Men's Big & Tall Solid Crew Neck Short Sleeve Pocket T-Shirt,$21.94,4.7 out of 5 stars,"3,417",https://www.amazon.com//Nautica-Solid-Pocket-T-Shirt-3X-Large/dp/B075LJ2MHD/ref=sr_1_12?crid=1AZQR15WRQJRI&dchild=1&keywords=casual+Shirts&qid=1621928577&sprefix=shirt+for+men%2Caps%2C446&sr=8-12
Van Heusen Men's Wrinkle Free Short Sleeve Button Down Check Shirt,$19.99,4.5 out of 5 stars,"1,108",https://www.amazon.com//Van-Heusen-Wrinkle-Minicheck-XX-Large/dp/B079ZN7FKJ/ref=sr_1_13?crid=1AZQR15WRQJRI&dchild=1&keywords=casual+Shirts&qid=1621928577&sprefix=shirt+for+men%2Caps%2C446&sr=8-13
"CQR Men's Short Sleeve Work Shirts, Ripstop Military Tactical Shirts, Outdoor UPF 50+ Breathable Button Down Hiking Shirt",$22.98,4.4 out of 5 stars,381,https://www.amazon.com//gp/slredirect/picassoRedirect.html/ref=pa_sp_mtf_aps_sr_pg1_1?ie=UTF8&adId=A077419811IUCW3FFERNB&url=%2FCQR-Breathable-Ripstop-Recreation-Shoulder%2Fdp%2FB083B95X3D%2Fref%3Dsr_1_14_sspa%3Fcrid%3D1AZQR15WRQJRI%26dchild%3D1%26keywords%3Dcasual%2BShirts%26qid%3D1621928577%26sprefix%3Dshirt%2Bfor%2Bmen%252Caps%252C446%26sr%3D8-14-spons%26psc%3D1&qualifier=1621928577&id=6123135377136169&widgetName=sp_mtf
NITAGUT Mens Fashion Casual Front Placket Basic Long/Short Sleeve Henley T-Shirts,$25.99,4.5 out of 5 stars,"5,325",https://www.amazon.com//gp/slredirect/picassoRedirect.html/ref=pa_sp_mtf_aps_sr_pg1_1?ie=UTF8&adId=A07318582A74685MCXXSM&url=%2FNITAGUT-Fashion-Placket-T-Shirts-Vg-Blue%2Fdp%2FB07KMRHDJL%2Fref%3Dsr_1_15_sspa%3Fcrid%3D1AZQR15WRQJRI%26dchild%3D1%26keywords%3Dcasual%2BShirts%26qid%3D1621928577%26sprefix%3Dshirt%2Bfor%2Bmen%252Caps%252C446%26sr%3D8-15-spons%26psc%3D1%26smid%3DA35YAIPYNVGMQI&qualifier=1621928577&id=6123135377136169&widgetName=sp_mtf
Alex Vando Mens Casual Button Down Hawaiian Shirts Short Sleeve Beach Shirt,$17.99,4.4 out of 5 stars,32,https://www.amazon.com//gp/slredirect/picassoRedirect.html/ref=pa_sp_mtf_aps_sr_pg1_1?ie=UTF8&adId=A09702712IIWGBH9HTZYU&url=%2FAlex-Vando-Casual-Button-Hawaiian%2Fdp%2FB08Z3QRLWV%2Fref%3Dsr_1_16_sspa%3Fcrid%3D1AZQR15WRQJRI%26dchild%3D1%26keywords%3Dcasual%2BShirts%26qid%3D1621928577%26sprefix%3Dshirt%2Bfor%2Bmen%252Caps%252C446%26sr%3D8-16-spons%26psc%3D1&qualifier=1621928577&id=6123135377136169&widgetName=sp_mtf
Hanes Women's Long Sleeve Tee,$10.00,4.1 out of 5 stars,"27,453",https://www.amazon.com//Hanes-Womens-Long-Sleeve-Large/dp/B01I21FKI0/ref=sr_1_17?crid=1AZQR15WRQJRI&dchild=1&keywords=casual+Shirts&qid=1621928577&sprefix=shirt+for+men%2Caps%2C446&sr=8-17
Amazon Essentials Men's Slim-fit Short-Sleeve Chambray Shirt,$18.90,4.4 out of 5 stars,"1,595",https://www.amazon.com//Amazon-Essentials-Standard-Slim-Fit-Short-Sleeve/dp/B07HL3DTKH/ref=sr_1_18?crid=1AZQR15WRQJRI&dchild=1&keywords=casual+Shirts&qid=1621928577&sprefix=shirt+for+men%2Caps%2C446&sr=8-18
Amazon Essentials Men's Regular-Fit Long-Sleeve Oxford Shirt,$19.40,4.4 out of 5 stars,"3,526",https://www.amazon.com//Amazon-Essentials-Regular-Fit-Long-Sleeve-XX-Large/dp/B0775PNHNR/ref=sr_1_19?crid=1AZQR15WRQJRI&dchild=1&keywords=casual+Shirts&qid=1621928577&sprefix=shirt+for+men%2Caps%2C446&sr=8-19
Dickies Men's Heavyweight Crew Neck Short Sleeve Tee,$14.99,4.6 out of 5 stars,"12,007",https://www.amazon.com//Dickies-Sleeve-Heavyweight-T-Shirt-Charcoal/dp/B00B6EDX12/ref=sr_1_20?crid=1AZQR15WRQJRI&dchild=1&keywords=casual+Shirts&qid=1621928577&sprefix=shirt+for+men%2Caps%2C446&sr=8-20
MIHOLL Women's Short Sleeve V-Neck Shirts Loose Casual Tee T-Shirt,$18.99,4.3 out of 5 stars,"21,859",https://www.amazon.com//MIHOLL-Womens-Sleeve-T-Shirt-X-Large/dp/B07PR986DD/ref=sr_1_21?crid=1AZQR15WRQJRI&dchild=1&keywords=casual+Shirts&qid=1621928577&sprefix=shirt+for+men%2Caps%2C446&sr=8-21
Amazon Brand - Goodthreads Standard-Fit Long-Sleeve Plaid Poplin Shirt,$25.90,4.4 out of 5 stars,"5,673",https://www.amazon.com//Goodthreads-Standard-Fit-Long-Sleeve-Large-Scale-Burgundy/dp/B01KGE5S06/ref=sr_1_22?crid=1AZQR15WRQJRI&dchild=1&keywords=casual+Shirts&qid=1621928577&sprefix=shirt+for+men%2Caps%2C446&sr=8-22
Hurley Men's One and Only Textured Short Sleeve Button Up,$45.00,4.5 out of 5 stars,"2,469",https://www.amazon.com//Hurley-Textured-Short-Sleeve-Button/dp/B074PWL4ZK/ref=sr_1_24?crid=1AZQR15WRQJRI&dchild=1&keywords=casual+Shirts&qid=1621928577&sprefix=shirt+for+men%2Caps%2C446&sr=8-24
Calvin Klein Men's Short Sleeve Casual Monogram Waffle Crew Neck Shirt,$17.16,4.4 out of 5 stars,144,https://www.amazon.com//Calvin-Klein-Sleeve-Monogram-Peacoat/dp/B086FDTK3S/ref=sr_1_25?crid=1AZQR15WRQJRI&dchild=1&keywords=casual+Shirts&qid=1621928577&sprefix=shirt+for+men%2Caps%2C446&sr=8-25
Calvin Klein Men's Liquid Touch Polo Solid with Uv-Protection,$34.99,4.5 out of 5 stars,"2,612",https://www.amazon.com//Calvin-Klein-Liquid-Medium-Heather/dp/B07JJ5FJ2K/ref=sr_1_26?crid=1AZQR15WRQJRI&dchild=1&keywords=casual+Shirts&qid=1621928577&sprefix=shirt+for+men%2Caps%2C446&sr=8-26
Amazon Essentials Men's Regular-fit Short-Sleeve Poplin Shirt,$16.90,4.5 out of 5 stars,"11,203",https://www.amazon.com//Amazon-Essentials-Regular-Fit-Short-Sleeve-X-Large/dp/B0738FQTZN/ref=sr_1_27?crid=1AZQR15WRQJRI&dchild=1&keywords=casual+Shirts&qid=1621928577&sprefix=shirt+for+men%2Caps%2C446&sr=8-27
Calvin Klein Men's Long Sleeve Lightweight Cotton Linen Button Down Shirt,$24.19,4.2 out of 5 stars,176,https://www.amazon.com//Calvin-Klein-Sleeve-Lightweight-Cotton/dp/B086DLVJ5Z/ref=sr_1_28?crid=1AZQR15WRQJRI&dchild=1&keywords=casual+Shirts&qid=1621928577&sprefix=shirt+for+men%2Caps%2C446&sr=8-28
LecGee Men's Linen Shirt Casual Regular Fit Short Sleeve Button Down Beach Shirt,$22.99,4.2 out of 5 stars,210,https://www.amazon.com//gp/slredirect/picassoRedirect.html/ref=pa_sp_mtf_aps_sr_pg1_1?ie=UTF8&adId=A08978763VXW7J5CTXXOQ&url=%2FLecGee-Cotton-Regular-Sleeve-Button%2Fdp%2FB089T55177%2Fref%3Dsr_1_29_sspa%3Fcrid%3D1AZQR15WRQJRI%26dchild%3D1%26keywords%3Dcasual%2BShirts%26qid%3D1621928577%26sprefix%3Dshirt%2Bfor%2Bmen%252Caps%252C446%26sr%3D8-29-spons%26psc%3D1&qualifier=1621928577&id=6123135377136169&widgetName=sp_mtf
Long Round Hem V-Neck Button Casual Short/Long Sleeve Henley Heather T Shirt Top,$9.99,,,https://www.amazon.com//gp/slredirect/picassoRedirect.html/ref=pa_sp_mtf_aps_sr_pg1_1?ie=UTF8&adId=A0917322LFE3WXEERZHT&url=%2FV-Neck-Button-Casual-Sleeve-Heather%2Fdp%2FB091YGMDF5%2Fref%3Dsr_1_30_sspa%3Fcrid%3D1AZQR15WRQJRI%26dchild%3D1%26keywords%3Dcasual%2BShirts%26qid%3D1621928577%26sprefix%3Dshirt%2Bfor%2Bmen%252Caps%252C446%26sr%3D8-30-spons%26psc%3D1&qualifier=1621928577&id=6123135377136169&widgetName=sp_mtf
"CQR Men's Regular Fit Long Sleeve Shirts, 100% Cotton Button-Up Casual Poplin Shirt",$18.98,,,https://www.amazon.com//gp/slredirect/picassoRedirect.html/ref=pa_sp_mtf_aps_sr_pg1_1?ie=UTF8&adId=A093294420LCOSWTW2X2D&url=%2FCQR-Regular-Sleeve-Shirts-Button-Up%2Fdp%2FB08RDD3G3R%2Fref%3Dsr_1_31_sspa%3Fcrid%3D1AZQR15WRQJRI%26dchild%3D1%26keywords%3Dcasual%2BShirts%26qid%3D1621928577%26sprefix%3Dshirt%2Bfor%2Bmen%252Caps%252C446%26sr%3D8-31-spons%26psc%3D1&qualifier=1621928577&id=6123135377136169&widgetName=sp_mtf
Amazon Brand - Goodthreads Men's Standard-Fit Short-Sleeve Plaid Poplin Shirt,$25.00,4.3 out of 5 stars,"3,666",https://www.amazon.com//Goodthreads-Standard-Fit-Short-Sleeve-Poplin-indigo/dp/B07DZV3VWZ/ref=sr_1_32?crid=1AZQR15WRQJRI&dchild=1&keywords=casual+Shirts&qid=1621928577&sprefix=shirt+for+men%2Caps%2C446&sr=8-32
MIHOLL Womens Casual Tops Sleeveless Cute Twist Knot Waffle Knit Shirts Tank Tops,$16.14,4.3 out of 5 stars,"10,201",https://www.amazon.com//MIHOLL-Womens-Casual-Sleeveless-Waffle/dp/B07Q6S3WZ1/ref=sr_1_33?crid=1AZQR15WRQJRI&dchild=1&keywords=casual+Shirts&qid=1621928577&sprefix=shirt+for+men%2Caps%2C446&sr=8-33
Nautica Men's Short Sleeve Solid Cotton Pique Polo Shirt,$32.79,4.5 out of 5 stars,"3,095",https://www.amazon.com//Nautica-Short-Sleeve-Solid-Cotton/dp/B07BN4WN6Z/ref=sr_1_34?crid=1AZQR15WRQJRI&dchild=1&keywords=casual+Shirts&qid=1621928577&sprefix=shirt+for+men%2Caps%2C446&sr=8-34
Van Heusen Men's Big and Tall Wrinkle Free Short Sleeve Button Down Check Shirt,$21.99,4.6 out of 5 stars,980,https://www.amazon.com//Van-Heusen-Wrinkle-Sleeve-3X-Large/dp/B07B4RXQVP/ref=sr_1_35?crid=1AZQR15WRQJRI&dchild=1&keywords=casual+Shirts&qid=1621928577&sprefix=shirt+for+men%2Caps%2C446&sr=8-35
Nautica Men's Classic Short Sleeve Solid Polo Shirt,$26.99,4.6 out of 5 stars,"1,022",https://www.amazon.com//Nautica-Classic-Sleeve-Burgundy-XX-Large/dp/B07HR8C7FP/ref=sr_1_36?crid=1AZQR15WRQJRI&dchild=1&keywords=casual+Shirts&qid=1621928577&sprefix=shirt+for+men%2Caps%2C446&sr=8-36
Wrangler Authentics Men's Short Sleeve Classic Woven Shirt,$21.08,4.5 out of 5 stars,"7,094",https://www.amazon.com//Wrangler-Authentics-Sleeve-Classic-Chambray/dp/B06VX47DTR/ref=sr_1_37?crid=1AZQR15WRQJRI&dchild=1&keywords=casual+Shirts&qid=1621928577&sprefix=shirt+for+men%2Caps%2C446&sr=8-37
Amazon Essentials Men's Long-Sleeve Regular-fit Casual Poplin Shirt,$18.90,4.4 out of 5 stars,"12,939",https://www.amazon.com//Amazon-Essentials-Regular-Fit-Long-Sleeve-X-Large/dp/B073GCMGVL/ref=sr_1_38?crid=1AZQR15WRQJRI&dchild=1&keywords=casual+Shirts&qid=1621928577&sprefix=shirt+for+men%2Caps%2C446&sr=8-38
"Hanes Men's ComfortSoft Tagless Pocket T's, 6 Pack",$19.45,4.5 out of 5 stars,"2,538",https://www.amazon.com//Hanes-ComfortSoft-Tagless-Pocket-Assorted/dp/B086KY66P9/ref=sr_1_39?crid=1AZQR15WRQJRI&dchild=1&keywords=casual+Shirts&qid=1621928577&sprefix=shirt+for+men%2Caps%2C446&sr=8-39
TACVASEN Men's Breathable Quick Dry UV Protection Solid Convertible Long Sleeve Shirt,$28.99,4.0 out of 5 stars,30,https://www.amazon.com//TACVASEN-Breathable-Protection-Convertible-Sleeve/dp/B085Y841W6/ref=sr_1_40?crid=1AZQR15WRQJRI&dchild=1&keywords=casual+Shirts&qid=1621928577&sprefix=shirt+for+men%2Caps%2C446&sr=8-40
Columbia Men's Thistletown Park Crew,$19.99,4.7 out of 5 stars,"3,198",https://www.amazon.com//Columbia-Mens-Thistletown-Mountain-Heather/dp/B07F2J9SXK/ref=sr_1_41?crid=1AZQR15WRQJRI&dchild=1&keywords=casual+Shirts&qid=1621928577&sprefix=shirt+for+men%2Caps%2C446&sr=8-41
Amazon Essentials Men's Regular-Fit Long-Sleeve Pocket Oxford Shirt,$18.90,4.5 out of 5 stars,"4,396",https://www.amazon.com//Amazon-Essentials-Regular-Fit-Long-Sleeve-Pocket/dp/B07F2546TD/ref=sr_1_42?crid=1AZQR15WRQJRI&dchild=1&keywords=casual+Shirts&qid=1621928577&sprefix=shirt+for+men%2Caps%2C446&sr=8-42
Amazon Essentials Men's Slim-Fit Short-Sleeve Stripe Shirt,$16.10,4.4 out of 5 stars,"3,270",https://www.amazon.com//Amazon-Essentials-Slim-Fit-Short-Sleeve-Casual/dp/B0775WWP4K/ref=sr_1_43?crid=1AZQR15WRQJRI&dchild=1&keywords=casual+Shirts&qid=1621928577&sprefix=shirt+for+men%2Caps%2C446&sr=8-43
Calvin Klein Men's Short Sleeve Lightweight Cotton Linen Button Down Shirt,$23.48,4.6 out of 5 stars,322,https://www.amazon.com//Calvin-Klein-Sleeve-Lightweight-Cotton/dp/B0817CD6NG/ref=sr_1_44?crid=1AZQR15WRQJRI&dchild=1&keywords=casual+Shirts&qid=1621928577&sprefix=shirt+for+men%2Caps%2C446&sr=8-44
Twotwowin Women's Summer Tunic Tops Color Block Side Twist Knotted Short Sleeve Shirts Casual Blouse,$16.99,4.2 out of 5 stars,"4,102",https://www.amazon.com//Twotwowin-Womens-Summer-Knotted-Sleeve/dp/B07PQVH2K7/ref=sr_1_45?crid=1AZQR15WRQJRI&dchild=1&keywords=casual+Shirts&qid=1621928577&sprefix=shirt+for+men%2Caps%2C446&sr=8-45
KUYIGO Men's Short & Long Sleeve Polo Shirts Casual Slim Fit Basic Designed Cotton Shirts,$24.99,4.4 out of 5 stars,"6,769",https://www.amazon.com//KUYIGO-Sleeve-Shirts-Casual-Designed/dp/B07PHNJ7ZH/ref=sr_1_47?crid=1AZQR15WRQJRI&dchild=1&keywords=casual+Shirts&qid=1621928577&sprefix=shirt+for+men%2Caps%2C446&sr=8-47
Lucky Brand Men's Venice Burnout V-Neck Tee Shirt,$22.10,4.6 out of 5 stars,"1,828",https://www.amazon.com//Lucky-Brand-Venice-Burnout-V-Neck/dp/B07994DWM8/ref=sr_1_48?crid=1AZQR15WRQJRI&dchild=1&keywords=casual+Shirts&qid=1621928577&sprefix=shirt+for+men%2Caps%2C446&sr=8-48
Calvin Klein Men's Short Sleeve Oxford Button Down Shirt,$22.56,4.5 out of 5 stars,258,https://www.amazon.com//Calvin-Klein-Sleeve-Oxford-Button/dp/B0855Y6NC4/ref=sr_1_49?crid=1AZQR15WRQJRI&dchild=1&keywords=casual+Shirts&qid=1621928577&sprefix=shirt+for+men%2Caps%2C446&sr=8-49
Wrangler Authentics Men's Long Sleeve Classic Woven Shirt,$21.83,4.5 out of 5 stars,"4,379",https://www.amazon.com//Wrangler-Authentics-Long-Sleeve-Classic-Woven/dp/B07C82RS1F/ref=sr_1_50?crid=1AZQR15WRQJRI&dchild=1&keywords=casual+Shirts&qid=1621928577&sprefix=shirt+for+men%2Caps%2C446&sr=8-50
Columbia Men's Bahama Ii Short Sleeve Shirt,$29.99,4.7 out of 5 stars,"11,664",https://www.amazon.com//Columbia-Bahama-Short-Sleeve-Collegiate/dp/B0089OQ2YM/ref=sr_1_51?crid=1AZQR15WRQJRI&dchild=1&keywords=casual+Shirts&qid=1621928577&sprefix=shirt+for+men%2Caps%2C446&sr=8-51
Amazon Essentials Men's Regular-Fit Short-Sleeve Pocket Oxford Shirt,$16.40,4.4 out of 5 stars,"6,882",https://www.amazon.com//Amazon-Essentials-Regular-Fit-Short-Sleeve-Pocket/dp/B07F258HBH/ref=sr_1_52?crid=1AZQR15WRQJRI&dchild=1&keywords=casual+Shirts&qid=1621928577&sprefix=shirt+for+men%2Caps%2C446&sr=8-52
Hanes Women's Stretch Cotton Raglan Sleeve Tee,$12.00,4.3 out of 5 stars,"15,588",https://www.amazon.com//Hanes-Womens-Stretch-Cotton-Raglan/dp/B01N0Q2N36/ref=sr_1_54?crid=1AZQR15WRQJRI&dchild=1&keywords=casual+Shirts&qid=1621928577&sprefix=shirt+for+men%2Caps%2C446&sr=8-54
Wrangler Riggs Workwear Men's Logger Twill Long Sleeve Work Shirt,$34.94,4.6 out of 5 stars,"3,445",https://www.amazon.com//Wrangler-Logger-Shirt-XX-Large-Regular/dp/B006OVW1FQ/ref=sr_1_55?crid=1AZQR15WRQJRI&dchild=1&keywords=casual+Shirts&qid=1621928577&sprefix=shirt+for+men%2Caps%2C446&sr=8-55
YSYOKOW Womens Summer Casual T Shirts Short Sleeve Tunic Loose Tops with Pockets,$18.99,4.4 out of 5 stars,889,https://www.amazon.com//gp/slredirect/picassoRedirect.html/ref=pa_sp_btf_aps_sr_pg1_1?ie=UTF8&adId=A0653310JVZYCNJIOMEV&url=%2FYSYOKOW-Womens-Summer-Pockets-02-Mauve%2Fdp%2FB08QMGG6K4%2Fref%3Dsr_1_56_sspa%3Fcrid%3D1AZQR15WRQJRI%26dchild%3D1%26keywords%3Dcasual%2BShirts%26qid%3D1621928577%26sprefix%3Dshirt%2Bfor%2Bmen%252Caps%252C446%26sr%3D8-56-spons%26psc%3D1&qualifier=1621928577&id=6123135377136169&widgetName=sp_btf
HOTAPEI Womens Summer Blouses Casual V Neck Cuffed Sleeve Button Shirts Tops,$23.98,3.5 out of 5 stars,"6,271",https://www.amazon.com//gp/slredirect/picassoRedirect.html/ref=pa_sp_btf_aps_sr_pg1_1?ie=UTF8&adId=A03693802VK2YDR95TH6L&url=%2FHOTAPEI-Striped-Pockets-Chiffon-Blouses%2Fdp%2FB07PS7XWDK%2Fref%3Dsr_1_57_sspa%3Fcrid%3D1AZQR15WRQJRI%26dchild%3D1%26keywords%3Dcasual%2BShirts%26qid%3D1621928577%26sprefix%3Dshirt%2Bfor%2Bmen%252Caps%252C446%26sr%3D8-57-spons%26psc%3D1%26smid%3DA2NELLQMXZJSFL&qualifier=1621928577&id=6123135377136169&widgetName=sp_btf
5 Pack: Menâ€™s Dry-Fit Moisture Wicking Active Athletic Performance Crew T-Shirt,$29.99,4.1 out of 5 stars,"36,393",https://www.amazon.com//gp/slredirect/picassoRedirect.html/ref=pa_sp_btf_aps_sr_pg1_1?ie=UTF8&adId=A091166829FEF3XCHS7N6&url=%2FDri-Fit-Training-Athletic-Essentials-Undershirt%2Fdp%2FB08288BGKW%2Fref%3Dsr_1_58_sspa%3Fcrid%3D1AZQR15WRQJRI%26dchild%3D1%26keywords%3Dcasual%2BShirts%26qid%3D1621928577%26sprefix%3Dshirt%2Bfor%2Bmen%252Caps%252C446%26sr%3D8-58-spons%26psc%3D1&qualifier=1621928577&id=6123135377136169&widgetName=sp_btf
Men Short Sleeve Linen Henley Shirts Summer Casual Tops Cotton Beach T Shirts,$15.99,3.9 out of 5 stars,7,https://www.amazon.com//gp/slredirect/picassoRedirect.html/ref=pa_sp_btf_aps_sr_pg1_1?ie=UTF8&adId=A03482223NULG7DEQ9VVW&url=%2FSleeve-Henley-Shirts-Summer-Casual%2Fdp%2FB08TWQFJ8K%2Fref%3Dsr_1_59_sspa%3Fcrid%3D1AZQR15WRQJRI%26dchild%3D1%26keywords%3Dcasual%2BShirts%26qid%3D1621928577%26sprefix%3Dshirt%2Bfor%2Bmen%252Caps%252C446%26sr%3D8-59-spons%26psc%3D1&qualifier=1621928577&id=6123135377136169&widgetName=sp_btf
CHIPHELL Men's Flannel Plaid Shirts Long Sleeve Regular Fit Casual Button Down Shirt,$12.82,4.4 out of 5 stars,42,https://www.amazon.com//gp/slredirect/picassoRedirect.html/ref=pa_sp_btf_aps_sr_pg1_1?ie=UTF8&adId=A0364478U19RH5THO1VJ&url=%2FCHIPHELL-Flannel-Shirts-Sleeve-Regular%2Fdp%2FB08K8QP2VS%2Fref%3Dsr_1_60_sspa%3Fcrid%3D1AZQR15WRQJRI%26dchild%3D1%26keywords%3Dcasual%2BShirts%26qid%3D1621928577%26sprefix%3Dshirt%2Bfor%2Bmen%252Caps%252C446%26sr%3D8-60-spons%26psc%3D1&qualifier=1621928577&id=6123135377136169&widgetName=sp_btf
